case_id,event_index,timestamp,stage,actor
D000,0,2026-01-01 00:18:00,goals,designer
D000,1,2026-01-01 00:56:00,assessment,designer
D000,2,2026-01-01 01:30:00,activity,designer
D000,3,2026-01-01 02:21:00,content,designer
D000,4,2026-01-01 02:48:00,activity,designer
D000,5,2026-01-01 02:58:00,review,designer
D000,6,2026-01-01 03:35:00,release,designer
D001,0,2026-01-01 08:33:00,goals,designer
D001,1,2026-01-01 09:19:00,assessment,ai_assistant
D001,2,2026-01-01 09:32:00,activity,ai_assistant
D001,3,2026-01-01 10:26:00,content,designer
D001,4,2026-01-01 10:51:00,activity,designer
D001,5,2026-01-01 11:03:00,review,ai_assistant
D001,6,2026-01-01 11:47:00,release,designer
D002,0,2026-01-01 17:09:00,goals,ai_assistant
D002,1,2026-01-01 17:34:00,assessment,designer
D002,2,2026-01-01 18:16:00,activity,designer
D002,3,2026-01-01 18:41:00,content,designer
D002,4,2026-01-01 19:18:00,activity,ai_assistant
D002,5,2026-01-01 20:00:00,review,ai_assistant
D002,6,2026-01-01 20:20:00,release,designer
D003,0,2026-01-02 01:16:00,goals,designer
D003,1,2026-01-02 02:10:00,assessment,designer
D003,2,2026-01-02 02:38:00,activity,designer
D003,3,2026-01-02 03:31:00,content,ai_assistant
D003,4,2026-01-02 04:05:00,review,designer
D003,5,2026-01-02 04:36:00,assessment,designer
D003,6,2026-01-02 04:48:00,release,ai_assistant
D004,0,2026-01-02 09:30:00,goals,designer
D004,1,2026-01-02 10:10:00,assessment,ai_assistant
D004,2,2026-01-02 10:54:00,activity,designer
D004,3,2026-01-02 11:02:00,content,designer
D004,4,2026-01-02 11:20:00,activity,designer
D004,5,2026-01-02 11:49:00,review,ai_assistant
D004,6,2026-01-02 12:35:00,release,ai_assistant
D005,0,2026-01-02 18:34:00,goals,ai_assistant
D005,1,2026-01-02 19:01:00,assessment,designer
D005,2,2026-01-02 19:40:00,activity,designer
D005,3,2026-01-02 20:26:00,content,designer
D005,4,2026-01-02 21:07:00,activity,designer
D005,5,2026-01-02 21:19:00,review,designer
D005,6,2026-01-02 21:43:00,release,designer
D006,0,2026-01-03 02:09:00,goals,ai_assistant
D006,1,2026-01-03 02:28:00,assessment,ai_assistant
D006,2,2026-01-03 03:11:00,activity,designer
D006,3,2026-01-03 03:45:00,content,designer
D006,4,2026-01-03 04:31:00,review,designer
D006,5,2026-01-03 04:58:00,release,designer
D007,0,2026-01-03 11:04:00,goals,designer
D007,1,2026-01-03 11:57:00,assessment,designer
D007,2,2026-01-03 12:46:00,activity,ai_assistant
D007,3,2026-01-03 13:28:00,content,designer
D007,4,2026-01-03 13:38:00,activity,designer
D007,5,2026-01-03 14:15:00,review,ai_assistant
D007,6,2026-01-03 14:34:00,assessment,designer
D007,7,2026-01-03 14:42:00,release,designer
D008,0,2026-01-03 19:33:00,goals,designer
D008,1,2026-01-03 20:08:00,assessment,designer
D008,2,2026-01-03 20:31:00,activity,designer
D008,3,2026-01-03 20:44:00,content,ai_assistant
D008,4,2026-01-03 21:32:00,activity,designer
D008,5,2026-01-03 22:26:00,review,designer
D008,6,2026-01-03 22:59:00,assessment,ai_assistant
D008,7,2026-01-03 23:44:00,release,designer
D009,0,2026-01-04 03:54:00,goals,designer
D009,1,2026-01-04 04:31:00,assessment,designer
D009,2,2026-01-04 05:05:00,activity,designer
D009,3,2026-01-04 05:31:00,content,designer
D009,4,2026-01-04 05:55:00,activity,designer
D009,5,2026-01-04 06:21:00,review,ai_assistant
D009,6,2026-01-04 06:54:00,release,designer
D010,0,2026-01-04 11:28:00,goals,designer
D010,1,2026-01-04 11:41:00,assessment,designer
D010,2,2026-01-04 12:28:00,activity,ai_assistant
D010,3,2026-01-04 12:42:00,content,designer
D010,4,2026-01-04 13:22:00,activity,designer
D010,5,2026-01-04 13:34:00,review,designer
D010,6,2026-01-04 14:14:00,assessment,ai_assistant
D010,7,2026-01-04 14:24:00,release,ai_assistant
D011,0,2026-01-04 19:59:00,goals,designer
D011,1,2026-01-04 20:18:00,assessment,ai_assistant
D011,2,2026-01-04 20:49:00,activity,ai_assistant
D011,3,2026-01-04 21:38:00,content,ai_assistant
D011,4,2026-01-04 21:59:00,review,designer
D011,5,2026-01-04 22:33:00,assessment,designer
D011,6,2026-01-04 22:45:00,release,ai_assistant
D012,0,2026-01-05 04:47:00,goals,designer
D012,1,2026-01-05 05:09:00,assessment,designer
D012,2,2026-01-05 05:42:00,activity,ai_assistant
D012,3,2026-01-05 06:27:00,content,designer
D012,4,2026-01-05 07:16:00,activity,designer
D012,5,2026-01-05 07:52:00,review,designer
D012,6,2026-01-05 08:18:00,release,ai_assistant
D013,0,2026-01-05 13:12:00,goals,ai_assistant
D013,1,2026-01-05 13:39:00,assessment,designer
D013,2,2026-01-05 14:25:00,activity,designer
D013,3,2026-01-05 15:02:00,content,ai_assistant
D013,4,2026-01-05 15:39:00,activity,ai_assistant
D013,5,2026-01-05 16:03:00,review,designer
D013,6,2026-01-05 16:31:00,release,designer
D014,0,2026-01-05 20:57:00,goals,designer
D014,1,2026-01-05 21:50:00,assessment,designer
D014,2,2026-01-05 22:28:00,activity,designer
D014,3,2026-01-05 23:07:00,content,designer
D014,4,2026-01-05 23:46:00,activity,ai_assistant
D014,5,2026-01-06 00:05:00,review,designer
D014,6,2026-01-06 00:17:00,release,designer
D015,0,2026-01-06 05:16:00,goals,designer
D015,1,2026-01-06 05:54:00,assessment,designer
D015,2,2026-01-06 06:29:00,activity,designer
D015,3,2026-01-06 07:23:00,content,designer
D015,4,2026-01-06 07:47:00,review,ai_assistant
D015,5,2026-01-06 08:29:00,assessment,designer
D015,6,2026-01-06 09:18:00,release,designer
D016,0,2026-01-06 14:10:00,goals,designer
D016,1,2026-01-06 14:35:00,assessment,designer
D016,2,2026-01-06 15:03:00,activity,designer
D016,3,2026-01-06 15:33:00,content,ai_assistant
D016,4,2026-01-06 16:23:00,review,designer
D016,5,2026-01-06 16:52:00,release,ai_assistant
D017,0,2026-01-06 21:49:00,goals,designer
D017,1,2026-01-06 22:01:00,assessment,ai_assistant
D017,2,2026-01-06 22:49:00,activity,designer
D017,3,2026-01-06 23:00:00,content,designer
D017,4,2026-01-06 23:54:00,activity,ai_assistant
D017,5,2026-01-07 00:05:00,review,designer
D017,6,2026-01-07 00:55:00,release,ai_assistant
D018,0,2026-01-07 06:28:00,goals,designer
D018,1,2026-01-07 07:02:00,assessment,designer
D018,2,2026-01-07 07:47:00,activity,designer
D018,3,2026-01-07 07:55:00,content,designer
D018,4,2026-01-07 08:34:00,activity,designer
D018,5,2026-01-07 08:46:00,review,designer
D018,6,2026-01-07 09:07:00,assessment,ai_assistant
D018,7,2026-01-07 09:21:00,release,ai_assistant
D019,0,2026-01-07 15:09:00,goals,designer
D019,1,2026-01-07 15:43:00,assessment,ai_assistant
D019,2,2026-01-07 16:19:00,activity,designer
D019,3,2026-01-07 16:53:00,content,designer
D019,4,2026-01-07 17:07:00,review,ai_assistant
D019,5,2026-01-07 17:59:00,release,designer
D020,0,2026-01-07 22:53:00,goals,designer
D020,1,2026-01-07 23:31:00,assessment,ai_assistant
D020,2,2026-01-08 00:11:00,activity,ai_assistant
D020,3,2026-01-08 00:36:00,content,ai_assistant
D020,4,2026-01-08 01:10:00,review,ai_assistant
D020,5,2026-01-08 01:55:00,release,designer
D021,0,2026-01-08 07:49:00,goals,designer
D021,1,2026-01-08 07:59:00,assessment,designer
D021,2,2026-01-08 08:25:00,activity,ai_assistant
D021,3,2026-01-08 09:04:00,content,ai_assistant
D021,4,2026-01-08 09:40:00,review,designer
D021,5,2026-01-08 10:19:00,release,designer
D022,0,2026-01-08 15:45:00,goals,designer
D022,1,2026-01-08 16:35:00,assessment,designer
D022,2,2026-01-08 16:43:00,activity,designer
D022,3,2026-01-08 17:16:00,content,designer
D022,4,2026-01-08 18:00:00,activity,ai_assistant
D022,5,2026-01-08 18:27:00,review,designer
D022,6,2026-01-08 19:21:00,release,designer
D023,0,2026-01-09 00:06:00,goals,ai_assistant
D023,1,2026-01-09 00:33:00,assessment,designer
D023,2,2026-01-09 00:44:00,activity,designer
D023,3,2026-01-09 01:38:00,content,designer
D023,4,2026-01-09 01:49:00,review,designer
D023,5,2026-01-09 02:29:00,release,designer
D024,0,2026-01-09 08:11:00,goals,designer
D024,1,2026-01-09 08:39:00,assessment,designer
D024,2,2026-01-09 09:15:00,activity,designer
D024,3,2026-01-09 09:31:00,content,ai_assistant
D024,4,2026-01-09 09:53:00,activity,designer
D024,5,2026-01-09 10:42:00,review,ai_assistant
D024,6,2026-01-09 11:09:00,release,ai_assistant
D025,0,2026-01-09 16:51:00,goals,designer
D025,1,2026-01-09 17:12:00,assessment,designer
D025,2,2026-01-09 18:03:00,activity,designer
D025,3,2026-01-09 18:51:00,content,designer
D025,4,2026-01-09 19:12:00,activity,ai_assistant
D025,5,2026-01-09 19:25:00,review,designer
D025,6,2026-01-09 20:19:00,assessment,designer
D025,7,2026-01-09 20:47:00,release,designer
D026,0,2026-01-10 01:15:00,goals,designer
D026,1,2026-01-10 01:36:00,assessment,designer
D026,2,2026-01-10 02:17:00,activity,designer
D026,3,2026-01-10 02:59:00,content,designer
D026,4,2026-01-10 03:28:00,activity,ai_assistant
D026,5,2026-01-10 04:16:00,review,designer
D026,6,2026-01-10 04:38:00,assessment,designer
D026,7,2026-01-10 04:50:00,release,designer
D027,0,2026-01-10 09:29:00,goals,ai_assistant
D027,1,2026-01-10 10:18:00,assessment,ai_assistant
D027,2,2026-01-10 11:06:00,activity,designer
D027,3,2026-01-10 11:29:00,content,designer
D027,4,2026-01-10 12:08:00,activity,designer
D027,5,2026-01-10 12:26:00,review,ai_assistant
D027,6,2026-01-10 13:07:00,release,ai_assistant
D028,0,2026-01-10 17:52:00,goals,designer
D028,1,2026-01-10 18:29:00,assessment,ai_assistant
D028,2,2026-01-10 18:37:00,activity,designer
D028,3,2026-01-10 19:25:00,content,designer
D028,4,2026-01-10 19:37:00,review,designer
D028,5,2026-01-10 20:06:00,release,designer
D029,0,2026-01-11 02:15:00,goals,designer
D029,1,2026-01-11 02:50:00,assessment,ai_assistant
D029,2,2026-01-11 03:20:00,activity,designer
D029,3,2026-01-11 04:07:00,content,designer
D029,4,2026-01-11 04:27:00,review,ai_assistant
D029,5,2026-01-11 04:48:00,release,designer
D030,0,2026-01-11 10:46:00,goals,ai_assistant
D030,1,2026-01-11 11:09:00,assessment,designer
D030,2,2026-01-11 11:35:00,activity,designer
D030,3,2026-01-11 11:57:00,content,designer
D030,4,2026-01-11 12:48:00,review,ai_assistant
D030,5,2026-01-11 12:59:00,assessment,designer
D030,6,2026-01-11 13:47:00,release,designer
D031,0,2026-01-11 18:55:00,goals,designer
D031,1,2026-01-11 19:22:00,assessment,designer
D031,2,2026-01-11 19:30:00,activity,ai_assistant
D031,3,2026-01-11 19:59:00,content,designer
D031,4,2026-01-11 20:29:00,review,designer
D031,5,2026-01-11 21:07:00,assessment,designer
D031,6,2026-01-11 21:41:00,release,designer
D032,0,2026-01-12 03:21:00,goals,designer
D032,1,2026-01-12 04:15:00,assessment,designer
D032,2,2026-01-12 04:54:00,activity,designer
D032,3,2026-01-12 05:09:00,content,ai_assistant
D032,4,2026-01-12 05:43:00,review,designer
D032,5,2026-01-12 05:51:00,release,designer
D033,0,2026-01-12 11:54:00,goals,designer
D033,1,2026-01-12 12:13:00,assessment,ai_assistant
D033,2,2026-01-12 12:28:00,activity,designer
D033,3,2026-01-12 12:58:00,content,designer
D033,4,2026-01-12 13:52:00,review,designer
D033,5,2026-01-12 14:22:00,assessment,designer
D033,6,2026-01-12 14:53:00,release,designer
D034,0,2026-01-12 20:05:00,goals,designer
D034,1,2026-01-12 20:38:00,assessment,designer
D034,2,2026-01-12 21:14:00,activity,ai_assistant
D034,3,2026-01-12 21:37:00,content,designer
D034,4,2026-01-12 22:08:00,activity,designer
D034,5,2026-01-12 22:34:00,review,designer
D034,6,2026-01-12 22:47:00,assessment,designer
D034,7,2026-01-12 23:20:00,release,designer
D035,0,2026-01-13 04:22:00,goals,designer
D035,1,2026-01-13 04:51:00,assessment,designer
D035,2,2026-01-13 05:45:00,activity,ai_assistant
D035,3,2026-01-13 06:17:00,content,ai_assistant
D035,4,2026-01-13 07:02:00,review,designer
D035,5,2026-01-13 07:23:00,assessment,designer
D035,6,2026-01-13 07:51:00,release,ai_assistant
D036,0,2026-01-13 12:08:00,goals,designer
D036,1,2026-01-13 12:23:00,assessment,designer
D036,2,2026-01-13 13:13:00,activity,designer
D036,3,2026-01-13 14:04:00,content,ai_assistant
D036,4,2026-01-13 14:32:00,activity,designer
D036,5,2026-01-13 14:43:00,review,ai_assistant
D036,6,2026-01-13 15:37:00,assessment,ai_assistant
D036,7,2026-01-13 15:47:00,release,ai_assistant
D037,0,2026-01-13 21:10:00,goals,designer
D037,1,2026-01-13 21:30:00,assessment,designer
D037,2,2026-01-13 21:40:00,activity,ai_assistant
D037,3,2026-01-13 22:11:00,content,designer
D037,4,2026-01-13 22:42:00,activity,designer
D037,5,2026-01-13 23:15:00,review,designer
D037,6,2026-01-13 23:57:00,assessment,ai_assistant
D037,7,2026-01-14 00:27:00,release,designer
D038,0,2026-01-14 05:04:00,goals,designer
D038,1,2026-01-14 05:57:00,assessment,ai_assistant
D038,2,2026-01-14 06:38:00,activity,designer
D038,3,2026-01-14 07:06:00,content,ai_assistant
D038,4,2026-01-14 07:29:00,activity,ai_assistant
D038,5,2026-01-14 08:15:00,review,ai_assistant
D038,6,2026-01-14 09:04:00,release,designer
D039,0,2026-01-14 13:52:00,goals,designer
D039,1,2026-01-14 14:03:00,assessment,designer
D039,2,2026-01-14 14:48:00,activity,designer
D039,3,2026-01-14 15:01:00,content,designer
D039,4,2026-01-14 15:52:00,activity,designer
D039,5,2026-01-14 16:00:00,review,ai_assistant
D039,6,2026-01-14 16:40:00,assessment,designer
D039,7,2026-01-14 17:01:00,release,designer
D040,0,2026-01-14 21:31:00,goals,designer
D040,1,2026-01-14 22:23:00,assessment,ai_assistant
D040,2,2026-01-14 22:31:00,activity,designer
D040,3,2026-01-14 23:25:00,content,ai_assistant
D040,4,2026-01-15 00:10:00,activity,ai_assistant
D040,5,2026-01-15 00:43:00,review,designer
D040,6,2026-01-15 01:06:00,release,designer
D041,0,2026-01-15 06:09:00,goals,ai_assistant
D041,1,2026-01-15 06:17:00,assessment,designer
D041,2,2026-01-15 07:11:00,activity,ai_assistant
D041,3,2026-01-15 08:05:00,content,designer
D041,4,2026-01-15 08:17:00,activity,ai_assistant
D041,5,2026-01-15 09:01:00,review,designer
D041,6,2026-01-15 09:21:00,release,ai_assistant
D042,0,2026-01-15 14:20:00,goals,designer
D042,1,2026-01-15 14:34:00,assessment,ai_assistant
D042,2,2026-01-15 15:18:00,activity,designer
D042,3,2026-01-15 16:07:00,content,designer
D042,4,2026-01-15 16:32:00,activity,designer
D042,5,2026-01-15 16:57:00,review,designer
D042,6,2026-01-15 17:33:00,release,designer
D043,0,2026-01-15 23:11:00,goals,designer
D043,1,2026-01-16 00:05:00,assessment,ai_assistant
D043,2,2026-01-16 00:14:00,activity,designer
D043,3,2026-01-16 01:07:00,content,ai_assistant
D043,4,2026-01-16 01:29:00,review,ai_assistant
D043,5,2026-01-16 02:17:00,release,designer
D044,0,2026-01-16 07:32:00,goals,ai_assistant
D044,1,2026-01-16 08:21:00,assessment,ai_assistant
D044,2,2026-01-16 08:54:00,activity,designer
D044,3,2026-01-16 09:37:00,content,designer
D044,4,2026-01-16 10:01:00,activity,designer
D044,5,2026-01-16 10:39:00,review,designer
D044,6,2026-01-16 10:49:00,assessment,designer
D044,7,2026-01-16 11:23:00,release,designer
D045,0,2026-01-16 15:11:00,goals,ai_assistant
D045,1,2026-01-16 15:25:00,assessment,designer
D045,2,2026-01-16 15:51:00,activity,designer
D045,3,2026-01-16 16:28:00,content,designer
D045,4,2026-01-16 16:50:00,activity,ai_assistant
D045,5,2026-01-16 17:23:00,review,designer
D045,6,2026-01-16 17:52:00,release,designer
D046,0,2026-01-16 23:52:00,goals,ai_assistant
D046,1,2026-01-17 00:03:00,assessment,designer
D046,2,2026-01-17 00:23:00,activity,ai_assistant
D046,3,2026-01-17 01:02:00,content,designer
D046,4,2026-01-17 01:36:00,activity,designer
D046,5,2026-01-17 02:26:00,review,designer
D046,6,2026-01-17 03:15:00,assessment,designer
D046,7,2026-01-17 04:03:00,release,designer
D047,0,2026-01-17 07:51:00,goals,designer
D047,1,2026-01-17 08:05:00,assessment,ai_assistant
D047,2,2026-01-17 08:41:00,activity,designer
D047,3,2026-01-17 09:07:00,content,designer
D047,4,2026-01-17 09:24:00,review,designer
D047,5,2026-01-17 09:57:00,release,designer
D048,0,2026-01-17 16:11:00,goals,designer
D048,1,2026-01-17 16:57:00,assessment,ai_assistant
D048,2,2026-01-17 17:23:00,activity,designer
D048,3,2026-01-17 17:55:00,content,designer
D048,4,2026-01-17 18:33:00,activity,designer
D048,5,2026-01-17 19:09:00,review,designer
D048,6,2026-01-17 19:26:00,assessment,designer
D048,7,2026-01-17 20:19:00,release,designer
D049,0,2026-01-18 00:45:00,goals,designer
D049,1,2026-01-18 01:16:00,assessment,ai_assistant
D049,2,2026-01-18 02:05:00,activity,ai_assistant
D049,3,2026-01-18 02:44:00,content,designer
D049,4,2026-01-18 03:30:00,activity,designer
D049,5,2026-01-18 04:02:00,review,designer
D049,6,2026-01-18 04:24:00,release,ai_assistant
D050,0,2026-01-18 08:49:00,goals,designer
D050,1,2026-01-18 09:08:00,assessment,ai_assistant
D050,2,2026-01-18 09:46:00,activity,designer
D050,3,2026-01-18 10:29:00,content,designer
D050,4,2026-01-18 11:05:00,review,ai_assistant
D050,5,2026-01-18 11:39:00,release,designer
D051,0,2026-01-18 17:37:00,goals,designer
D051,1,2026-01-18 17:46:00,assessment,designer
D051,2,2026-01-18 18:06:00,activity,ai_assistant
D051,3,2026-01-18 18:30:00,content,ai_assistant
D051,4,2026-01-18 18:42:00,activity,designer
D051,5,2026-01-18 18:58:00,review,designer
D051,6,2026-01-18 19:13:00,release,designer
D052,0,2026-01-19 01:54:00,goals,ai_assistant
D052,1,2026-01-19 02:16:00,assessment,ai_assistant
D052,2,2026-01-19 02:32:00,activity,ai_assistant
D052,3,2026-01-19 03:07:00,content,designer
D052,4,2026-01-19 03:20:00,review,designer
D052,5,2026-01-19 03:32:00,release,designer
D053,0,2026-01-19 09:58:00,goals,designer
D053,1,2026-01-19 10:20:00,assessment,designer
D053,2,2026-01-19 11:03:00,activity,ai_assistant
D053,3,2026-01-19 11:11:00,content,designer
D053,4,2026-01-19 11:34:00,activity,designer
D053,5,2026-01-19 11:44:00,review,designer
D053,6,2026-01-19 12:08:00,release,designer
D054,0,2026-01-19 18:34:00,goals,designer
D054,1,2026-01-19 19:21:00,assessment,designer
D054,2,2026-01-19 19:52:00,activity,ai_assistant
D054,3,2026-01-19 20:03:00,content,designer
D054,4,2026-01-19 20:56:00,activity,designer
D054,5,2026-01-19 21:44:00,review,designer
D054,6,2026-01-19 22:22:00,release,designer
D055,0,2026-01-20 02:31:00,goals,ai_assistant
D055,1,2026-01-20 03:21:00,assessment,designer
D055,2,2026-01-20 03:34:00,activity,designer
D055,3,2026-01-20 04:12:00,content,designer
D055,4,2026-01-20 04:55:00,activity,designer
D055,5,2026-01-20 05:21:00,review,ai_assistant
D055,6,2026-01-20 06:15:00,assessment,ai_assistant
D055,7,2026-01-20 07:09:00,release,ai_assistant
D056,0,2026-01-20 11:15:00,goals,designer
D056,1,2026-01-20 11:46:00,assessment,designer
D056,2,2026-01-20 12:21:00,activity,designer
D056,3,2026-01-20 12:45:00,content,ai_assistant
D056,4,2026-01-20 13:12:00,review,designer
D056,5,2026-01-20 14:03:00,assessment,ai_assistant
D056,6,2026-01-20 14:27:00,release,ai_assistant
D057,0,2026-01-20 19:47:00,goals,designer
D057,1,2026-01-20 20:22:00,assessment,designer
D057,2,2026-01-20 21:07:00,activity,ai_assistant
D057,3,2026-01-20 21:51:00,content,designer
D057,4,2026-01-20 22:13:00,activity,designer
D057,5,2026-01-20 22:29:00,review,ai_assistant
D057,6,2026-01-20 22:49:00,release,designer
D058,0,2026-01-21 04:12:00,goals,designer
D058,1,2026-01-21 04:25:00,assessment,designer
D058,2,2026-01-21 04:40:00,activity,ai_assistant
D058,3,2026-01-21 05:21:00,content,designer
D058,4,2026-01-21 06:09:00,activity,ai_assistant
D058,5,2026-01-21 06:45:00,review,designer
D058,6,2026-01-21 07:38:00,release,ai_assistant
D059,0,2026-01-21 11:56:00,goals,designer
D059,1,2026-01-21 12:21:00,assessment,ai_assistant
D059,2,2026-01-21 12:33:00,activity,designer
D059,3,2026-01-21 13:12:00,content,designer
D059,4,2026-01-21 13:31:00,activity,designer
D059,5,2026-01-21 13:53:00,review,designer
D059,6,2026-01-21 14:35:00,release,designer
D060,0,2026-01-21 20:28:00,goals,ai_assistant
D060,1,2026-01-21 21:07:00,assessment,ai_assistant
D060,2,2026-01-21 21:40:00,activity,designer
D060,3,2026-01-21 22:15:00,content,designer
D060,4,2026-01-21 23:03:00,review,designer
D060,5,2026-01-21 23:55:00,assessment,designer
D060,6,2026-01-22 00:34:00,release,ai_assistant
D061,0,2026-01-22 04:55:00,goals,ai_assistant
D061,1,2026-01-22 05:30:00,assessment,designer
D061,2,2026-01-22 06:05:00,activity,designer
D061,3,2026-01-22 06:35:00,content,designer
D061,4,2026-01-22 07:18:00,review,ai_assistant
D061,5,2026-01-22 08:06:00,release,ai_assistant
D062,0,2026-01-22 13:00:00,goals,designer
D062,1,2026-01-22 13:54:00,assessment,ai_assistant
D062,2,2026-01-22 14:48:00,activity,designer
D062,3,2026-01-22 14:58:00,content,ai_assistant
D062,4,2026-01-22 15:45:00,review,designer
D062,5,2026-01-22 15:59:00,assessment,ai_assistant
D062,6,2026-01-22 16:20:00,release,ai_assistant
D063,0,2026-01-22 21:33:00,goals,ai_assistant
D063,1,2026-01-22 22:01:00,assessment,designer
D063,2,2026-01-22 22:18:00,activity,designer
D063,3,2026-01-22 22:56:00,content,designer
D063,4,2026-01-22 23:19:00,activity,ai_assistant
D063,5,2026-01-23 00:11:00,review,ai_assistant
D063,6,2026-01-23 01:05:00,release,designer
D064,0,2026-01-23 05:43:00,goals,designer
D064,1,2026-01-23 06:06:00,assessment,designer
D064,2,2026-01-23 06:51:00,activity,designer
D064,3,2026-01-23 07:33:00,content,designer
D064,4,2026-01-23 07:55:00,review,designer
D064,5,2026-01-23 08:32:00,release,designer
D065,0,2026-01-23 14:12:00,goals,designer
D065,1,2026-01-23 15:05:00,assessment,ai_assistant
D065,2,2026-01-23 15:34:00,activity,designer
D065,3,2026-01-23 16:14:00,content,designer
D065,4,2026-01-23 16:22:00,review,designer
D065,5,2026-01-23 16:55:00,release,designer
D066,0,2026-01-23 22:33:00,goals,designer
D066,1,2026-01-23 23:12:00,assessment,designer
D066,2,2026-01-23 23:42:00,activity,designer
D066,3,2026-01-24 00:18:00,content,designer
D066,4,2026-01-24 01:06:00,review,ai_assistant
D066,5,2026-01-24 01:35:00,release,designer
D067,0,2026-01-24 06:59:00,goals,designer
D067,1,2026-01-24 07:23:00,assessment,designer
D067,2,2026-01-24 07:49:00,activity,designer
D067,3,2026-01-24 08:28:00,content,designer
D067,4,2026-01-24 09:01:00,review,ai_assistant
D067,5,2026-01-24 09:30:00,assessment,designer
D067,6,2026-01-24 09:42:00,release,designer
D068,0,2026-01-24 15:23:00,goals,designer
D068,1,2026-01-24 15:56:00,assessment,designer
D068,2,2026-01-24 16:16:00,activity,designer
D068,3,2026-01-24 16:32:00,content,designer
D068,4,2026-01-24 17:06:00,review,designer
D068,5,2026-01-24 17:40:00,release,ai_assistant
D069,0,2026-01-24 23:09:00,goals,designer
D069,1,2026-01-24 23:21:00,assessment,designer
D069,2,2026-01-25 00:00:00,activity,designer
D069,3,2026-01-25 00:08:00,content,designer
D069,4,2026-01-25 00:45:00,activity,ai_assistant
D069,5,2026-01-25 01:21:00,review,designer
D069,6,2026-01-25 01:36:00,release,ai_assistant
D070,0,2026-01-25 07:35:00,goals,designer
D070,1,2026-01-25 08:05:00,assessment,designer
D070,2,2026-01-25 08:18:00,activity,designer
D070,3,2026-01-25 08:27:00,content,designer
D070,4,2026-01-25 09:06:00,activity,designer
D070,5,2026-01-25 09:29:00,review,designer
D070,6,2026-01-25 09:56:00,assessment,ai_assistant
D070,7,2026-01-25 10:20:00,release,designer
D071,0,2026-01-25 16:07:00,goals,ai_assistant
D071,1,2026-01-25 16:49:00,assessment,designer
D071,2,2026-01-25 17:36:00,activity,designer
D071,3,2026-01-25 18:07:00,content,ai_assistant
D071,4,2026-01-25 18:34:00,review,ai_assistant
D071,5,2026-01-25 19:21:00,release,designer
D072,0,2026-01-26 00:36:00,goals,ai_assistant
D072,1,2026-01-26 01:30:00,assessment,designer
D072,2,2026-01-26 02:08:00,activity,designer
D072,3,2026-01-26 02:50:00,content,ai_assistant
D072,4,2026-01-26 03:00:00,activity,designer
D072,5,2026-01-26 03:14:00,review,ai_assistant
D072,6,2026-01-26 03:34:00,release,ai_assistant
D073,0,2026-01-26 08:42:00,goals,designer
D073,1,2026-01-26 09:11:00,assessment,designer
D073,2,2026-01-26 09:42:00,activity,designer
D073,3,2026-01-26 10:24:00,content,ai_assistant
D073,4,2026-01-26 11:04:00,activity,designer
D073,5,2026-01-26 11:25:00,review,ai_assistant
D073,6,2026-01-26 12:16:00,release,designer
D074,0,2026-01-26 17:14:00,goals,designer
D074,1,2026-01-26 17:46:00,assessment,designer
D074,2,2026-01-26 18:12:00,activity,designer
D074,3,2026-01-26 18:47:00,content,designer
D074,4,2026-01-26 19:33:00,activity,designer
D074,5,2026-01-26 19:57:00,review,designer
D074,6,2026-01-26 20:34:00,release,designer
D075,0,2026-01-27 01:51:00,goals,designer
D075,1,2026-01-27 02:18:00,assessment,ai_assistant
D075,2,2026-01-27 03:09:00,activity,designer
D075,3,2026-01-27 03:27:00,content,designer
D075,4,2026-01-27 04:10:00,activity,designer
D075,5,2026-01-27 04:34:00,review,designer
D075,6,2026-01-27 04:49:00,assessment,designer
D075,7,2026-01-27 04:58:00,release,designer
D076,0,2026-01-27 10:11:00,goals,designer
D076,1,2026-01-27 10:45:00,assessment,designer
D076,2,2026-01-27 11:10:00,activity,designer
D076,3,2026-01-27 11:46:00,content,designer
D076,4,2026-01-27 12:03:00,activity,designer
D076,5,2026-01-27 12:19:00,review,ai_assistant
D076,6,2026-01-27 13:02:00,release,ai_assistant
D077,0,2026-01-27 18:08:00,goals,designer
D077,1,2026-01-27 18:31:00,assessment,designer
D077,2,2026-01-27 19:19:00,activity,designer
D077,3,2026-01-27 19:58:00,content,designer
D077,4,2026-01-27 20:29:00,review,designer
D077,5,2026-01-27 20:48:00,release,designer
D078,0,2026-01-28 02:23:00,goals,ai_assistant
D078,1,2026-01-28 03:14:00,assessment,ai_assistant
D078,2,2026-01-28 03:52:00,activity,designer
D078,3,2026-01-28 04:46:00,content,designer
D078,4,2026-01-28 05:03:00,activity,designer
D078,5,2026-01-28 05:52:00,review,ai_assistant
D078,6,2026-01-28 06:38:00,release,designer
D079,0,2026-01-28 10:48:00,goals,designer
D079,1,2026-01-28 11:21:00,assessment,ai_assistant
D079,2,2026-01-28 12:13:00,activity,designer
D079,3,2026-01-28 13:06:00,content,ai_assistant
D079,4,2026-01-28 13:19:00,review,ai_assistant
D079,5,2026-01-28 14:07:00,assessment,designer
D079,6,2026-01-28 14:22:00,release,designer
